title,created_on,document_url,property_id
Lease Agreement,5/31/2017,https://www.dropbox.com/s/474ycak45i6wdj7/LEASE.pdf?dl=1,1
Lease Agreement,5/31/2017,https://www.dropbox.com/s/474ycak45i6wdj7/LEASE.pdf?dl=1,2
Lease Agreement,5/31/2017,https://www.dropbox.com/s/474ycak45i6wdj7/LEASE.pdf?dl=1,3
Lease Agreement,5/31/2017,https://www.dropbox.com/s/474ycak45i6wdj7/LEASE.pdf?dl=1,4
Lease Agreement,6/6/2017,https://www.dropbox.com/s/474ycak45i6wdj7/LEASE.pdf?dl=1,5
Lease Agreement,6/6/2017,https://www.dropbox.com/s/474ycak45i6wdj7/LEASE.pdf?dl=1,6
Lease Agreement,6/6/2017,https://www.dropbox.com/s/474ycak45i6wdj7/LEASE.pdf?dl=1,7
Lease Agreement,6/6/2017,https://www.dropbox.com/s/474ycak45i6wdj7/LEASE.pdf?dl=1,8
Lease Agreement,6/24/2017,https://www.dropbox.com/s/474ycak45i6wdj7/LEASE.pdf?dl=1,9
Lease Agreement,6/24/2017,https://www.dropbox.com/s/474ycak45i6wdj7/LEASE.pdf?dl=1,10
Lease Agreement,6/24/2017,https://www.dropbox.com/s/474ycak45i6wdj7/LEASE.pdf?dl=1,11
Lease Agreement,6/24/2017,https://www.dropbox.com/s/474ycak45i6wdj7/LEASE.pdf?dl=1,12
Lease Agreement,6/17/2017,https://www.dropbox.com/s/474ycak45i6wdj7/LEASE.pdf?dl=1,13
Lease Agreement,6/17/2017,https://www.dropbox.com/s/474ycak45i6wdj7/LEASE.pdf?dl=1,14
Lease Agreement,6/17/2017,https://www.dropbox.com/s/474ycak45i6wdj7/LEASE.pdf?dl=1,15
Lease Agreement,6/17/2017,https://www.dropbox.com/s/474ycak45i6wdj7/LEASE.pdf?dl=1,16
